{
    "interactionModel": {
        "languageModel": {
            "invocationName": "acierta el numero",
            "intents": [
                {
                    "name": "AMAZON.CancelIntent",
                    "samples": [
                        "Cancel",
                        "Cancela",
                        "Alexa cancela"
                    ]
                },
                {
                    "name": "AMAZON.HelpIntent",
                    "samples": [
                        "Alexa ayúdame",
                        "Ayuda"
                    ]
                },
                {
                    "name": "AMAZON.StopIntent",
                    "samples": [
                        "Alexa para el Skill"
                    ]
                },
                {
                    "name": "AMAZON.NavigateHomeIntent",
                    "samples": []
                },
                {
                    "name": "NumeroIntent",
                    "slots": [
                        {
                            "name": "NumeroSlot",
                            "type": "AMAZON.NUMBER"
                        }
                    ],
                    "samples": [
                        "{NumeroSlot}"
                    ]
                },
                {
                    "name": "EmpezarDeNuevo",
                    "slots": [
                        {
                            "name": "Restart",
                            "type": "restart"
                        }
                    ],
                    "samples": [
                        "{Restart}"
                    ]
                }
            ],
            "types": [
                {
                    "name": "restart",
                    "values": [
                        {
                            "name": {
                                "value": "reinicia",
                                "synonyms": [
                                    "empieza de nuevo"
                                ]
                            }
                        }
                    ]
                }
            ]
        }
    }
}